PlayerID,FullName,Team,Home,K,BB,BF,GamesPlayed,Date,K%,BB%,K-BB%
445995,Arturo Lopez,Yaquis de Obregon,False,1,2,16,1,2024-10-22,6.2,12.5,-6.3
445995,Arturo Lopez,Yaquis de Obregon,True,4,3,36,2,2024-10-25,11.1,8.3,2.799999999999999
465038,Alejandro Soto,Venados de Mazatlan,False,0,1,4,1,2024-10-20,0.0,25.0,-25.0
465038,Alejandro Soto,Venados de Mazatlan,True,0,2,8,2,2024-10-23,0.0,25.0,-25.0
465038,Alejandro Soto,Venados de Mazatlan,False,1,2,12,3,2024-10-25,8.3,16.7,-8.399999999999999
476594,Robert Stock,Naranjeros de Hermosillo,False,6,1,21,1,2024-10-16,28.6,4.8,23.8
476594,Robert Stock,Naranjeros de Hermosillo,True,8,4,45,2,2024-10-22,17.8,8.9,8.9
476594,Robert Stock,Naranjeros de Hermosillo,False,16,4,73,3,2024-10-25,21.9,5.5,16.4
477462,Esteban Haro,Mayos de Navojoa,True,1,0,3,1,2024-10-12,33.3,0.0,33.3
477462,Esteban Haro,Mayos de Navojoa,False,2,0,6,2,2024-10-13,33.3,0.0,33.3
477462,Esteban Haro,Mayos de Navojoa,False,2,0,10,3,2024-10-16,20.0,0.0,20.0
477462,Esteban Haro,Mayos de Navojoa,True,2,1,14,4,2024-10-19,14.3,7.1,7.200000000000001
477462,Esteban Haro,Mayos de Navojoa,True,2,1,18,5,2024-10-20,11.1,5.6,5.5
477462,Esteban Haro,Mayos de Navojoa,True,2,1,21,6,2024-10-25,9.5,4.8,4.7
477569,Fernando Salas,Naranjeros de Hermosillo,False,0,1,4,1,2024-10-12,0.0,25.0,-25.0
477569,Fernando Salas,Naranjeros de Hermosillo,False,1,1,7,2,2024-10-17,14.3,14.3,0.0
477569,Fernando Salas,Naranjeros de Hermosillo,True,1,1,12,3,2024-10-20,8.3,8.3,0.0
477569,Fernando Salas,Naranjeros de Hermosillo,True,2,1,15,4,2024-10-20,13.3,6.7,6.6000000000000005
477569,Fernando Salas,Naranjeros de Hermosillo,True,2,2,20,5,2024-10-22,10.0,10.0,0.0
477569,Fernando Salas,Naranjeros de Hermosillo,True,2,3,26,6,2024-10-24,7.7,11.5,-3.8
477569,Fernando Salas,Naranjeros de Hermosillo,False,2,3,29,7,2024-10-25,6.9,10.3,-3.4000000000000004
477584,Tomas Solis,Caneros de los Mochis,False,0,0,1,1,2024-10-12,0.0,0.0,0.0
477584,Tomas Solis,Caneros de los Mochis,True,0,0,2,2,2024-10-16,0.0,0.0,0.0
477584,Tomas Solis,Caneros de los Mochis,True,1,0,4,3,2024-10-17,25.0,0.0,25.0
477584,Tomas Solis,Caneros de los Mochis,False,1,1,7,4,2024-10-18,14.3,14.3,0.0
477584,Tomas Solis,Caneros de los Mochis,True,1,1,9,5,2024-10-22,11.1,11.1,0.0
477584,Tomas Solis,Caneros de los Mochis,False,1,1,13,6,2024-10-25,7.7,7.7,0.0
502515,Raul Barron,Naranjeros de Hermosillo,False,1,1,4,1,2024-10-16,25.0,25.0,0.0
502515,Raul Barron,Naranjeros de Hermosillo,False,1,1,8,2,2024-10-17,12.5,12.5,0.0
502515,Raul Barron,Naranjeros de Hermosillo,True,1,1,11,3,2024-10-20,9.1,9.1,0.0
502515,Raul Barron,Naranjeros de Hermosillo,False,2,1,12,4,2024-10-25,16.7,8.3,8.399999999999999
510552,Ozzie Mendez,Naranjeros de Hermosillo,True,1,0,5,1,2024-10-20,20.0,0.0,20.0
510552,Ozzie Mendez,Naranjeros de Hermosillo,True,1,0,6,2,2024-10-20,16.7,0.0,16.7
510552,Ozzie Mendez,Naranjeros de Hermosillo,True,1,0,7,3,2024-10-23,14.3,0.0,14.3
510552,Ozzie Mendez,Naranjeros de Hermosillo,True,1,0,8,4,2024-10-24,12.5,0.0,12.5
510552,Ozzie Mendez,Naranjeros de Hermosillo,False,3,1,12,5,2024-10-25,25.0,8.3,16.7
510554,Andres Ivan Meza,Venados de Mazatlan,True,0,0,3,1,2024-10-17,0.0,0.0,0.0
510554,Andres Ivan Meza,Venados de Mazatlan,False,0,0,9,2,2024-10-20,0.0,0.0,0.0
510554,Andres Ivan Meza,Venados de Mazatlan,False,0,0,11,3,2024-10-25,0.0,0.0,0.0
511648,Antonio Garzon,Charros de Jalisco,False,0,0,2,1,2024-10-18,0.0,0.0,0.0
511648,Antonio Garzon,Charros de Jalisco,False,0,1,4,2,2024-10-19,0.0,25.0,-25.0
511648,Antonio Garzon,Charros de Jalisco,False,1,1,6,3,2024-10-20,16.7,16.7,0.0
511648,Antonio Garzon,Charros de Jalisco,True,1,2,7,4,2024-10-23,14.3,28.6,-14.3
511648,Antonio Garzon,Charros de Jalisco,True,2,2,12,5,2024-10-24,16.7,16.7,0.0
511648,Antonio Garzon,Charros de Jalisco,False,2,3,14,6,2024-10-25,14.3,21.4,-7.099999999999998
518435,Manny Barreda,Tomateros de Culiacan,False,5,4,23,1,2024-10-17,21.7,17.4,4.300000000000001
518435,Manny Barreda,Tomateros de Culiacan,False,8,8,46,2,2024-10-24,17.4,17.4,0.0
518435,Manny Barreda,Tomateros de Culiacan,True,10,11,73,3,2024-10-25,13.7,15.1,-1.4000000000000004
527054,Julio Teheran,Charros de Jalisco,True,6,2,20,1,2024-10-23,30.0,10.0,20.0
527054,Julio Teheran,Charros de Jalisco,False,8,3,45,2,2024-10-25,17.8,6.7,11.100000000000001
532893,Ivan Salas,Sultanes de Monterrey,False,0,1,2,1,2024-10-11,0.0,50.0,-50.0
532893,Ivan Salas,Sultanes de Monterrey,True,0,1,3,2,2024-10-22,0.0,33.3,-33.3
532893,Ivan Salas,Sultanes de Monterrey,True,0,1,6,3,2024-10-24,0.0,16.7,-16.7
532893,Ivan Salas,Sultanes de Monterrey,False,0,1,7,4,2024-10-25,0.0,14.3,-14.3
540988,Demetrio Gutierrez,Venados de Mazatlan,True,1,1,3,1,2024-10-16,33.3,33.3,0.0
540988,Demetrio Gutierrez,Venados de Mazatlan,True,3,2,8,2,2024-10-17,37.5,25.0,12.5
540988,Demetrio Gutierrez,Venados de Mazatlan,False,3,2,9,3,2024-10-20,33.3,22.2,11.099999999999998
540988,Demetrio Gutierrez,Venados de Mazatlan,False,3,3,12,4,2024-10-20,25.0,25.0,0.0
540988,Demetrio Gutierrez,Venados de Mazatlan,True,4,3,15,5,2024-10-22,26.7,20.0,6.699999999999999
540988,Demetrio Gutierrez,Venados de Mazatlan,False,4,4,17,6,2024-10-25,23.5,23.5,0.0
542278,Fredy Quintero,Caneros de los Mochis,True,1,1,15,1,2024-10-23,6.7,6.7,0.0
542278,Fredy Quintero,Caneros de los Mochis,False,1,2,19,2,2024-10-25,5.3,10.5,-5.2
542279,Javier Solano,Venados de Mazatlan,True,4,2,22,1,2024-10-17,18.2,9.1,9.1
542279,Javier Solano,Venados de Mazatlan,True,5,6,51,2,2024-10-23,9.8,11.8,-2.0
542279,Javier Solano,Venados de Mazatlan,False,11,6,74,3,2024-10-25,14.9,8.1,6.800000000000001
542413,Felipe Gonzalez,Yaquis de Obregon,True,1,1,4,1,2024-10-12,25.0,25.0,0.0
542413,Felipe Gonzalez,Yaquis de Obregon,False,2,1,7,2,2024-10-15,28.6,14.3,14.3
542413,Felipe Gonzalez,Yaquis de Obregon,True,3,2,12,3,2024-10-19,25.0,16.7,8.3
542413,Felipe Gonzalez,Yaquis de Obregon,True,4,3,17,4,2024-10-20,23.5,17.6,5.899999999999999
542413,Felipe Gonzalez,Yaquis de Obregon,False,4,4,22,5,2024-10-24,18.2,18.2,0.0
542413,Felipe Gonzalez,Yaquis de Obregon,True,4,4,26,6,2024-10-25,15.4,15.4,0.0
544365,Manny Bañuelos,Tomateros de Culiacan,True,4,3,21,1,2024-10-25,19.0,14.3,4.699999999999999
547862,David Reyes,Aguilas de Mexicali,False,9,2,20,1,2024-10-16,45.0,10.0,35.0
547862,David Reyes,Aguilas de Mexicali,False,18,2,44,2,2024-10-23,40.9,4.5,36.4
547862,David Reyes,Aguilas de Mexicali,True,23,2,69,3,2024-10-25,33.3,2.9,30.4
553868,Norman Elenes,Sultanes de Monterrey,True,1,0,2,1,2024-10-13,50.0,0.0,50.0
553868,Norman Elenes,Sultanes de Monterrey,True,3,0,4,2,2024-10-16,75.0,0.0,75.0
553868,Norman Elenes,Sultanes de Monterrey,False,3,0,9,3,2024-10-18,33.3,0.0,33.3
553868,Norman Elenes,Sultanes de Monterrey,False,4,0,12,4,2024-10-19,33.3,0.0,33.3
553868,Norman Elenes,Sultanes de Monterrey,True,4,2,18,5,2024-10-22,22.2,11.1,11.1
553868,Norman Elenes,Sultanes de Monterrey,False,5,6,23,6,2024-10-25,21.7,26.1,-4.400000000000002
554230,Amilcar Gaxiola,Venados de Mazatlan,True,0,0,3,1,2024-10-16,0.0,0.0,0.0
554230,Amilcar Gaxiola,Venados de Mazatlan,True,0,0,5,2,2024-10-23,0.0,0.0,0.0
554230,Amilcar Gaxiola,Venados de Mazatlan,False,1,0,10,3,2024-10-25,10.0,0.0,10.0
570620,Ivan Zavala,Charros de Jalisco,False,0,0,3,1,2024-10-20,0.0,0.0,0.0
570620,Ivan Zavala,Charros de Jalisco,True,0,1,13,2,2024-10-23,0.0,7.7,-7.7
570620,Ivan Zavala,Charros de Jalisco,False,0,1,17,3,2024-10-25,0.0,5.9,-5.9
570666,Luis Cessa,Yaquis de Obregon,True,3,2,16,1,2024-10-25,18.8,12.5,6.300000000000001
571328,Jovany Lopez,Venados de Mazatlan,False,1,1,2,1,2024-10-20,50.0,50.0,0.0
571328,Jovany Lopez,Venados de Mazatlan,True,1,1,5,2,2024-10-22,20.0,20.0,0.0
572177,Nick Struck,Caneros de los Mochis,False,2,0,3,1,2024-10-12,66.7,0.0,66.7
572177,Nick Struck,Caneros de los Mochis,True,2,0,7,2,2024-10-13,28.6,0.0,28.6
572177,Nick Struck,Caneros de los Mochis,True,2,1,10,3,2024-10-16,20.0,10.0,10.0
572943,Jeff Ibarra,Algodoneros de Guasave,True,1,0,3,1,2024-10-13,33.3,0.0,33.3
572943,Jeff Ibarra,Algodoneros de Guasave,False,3,0,6,2,2024-10-20,50.0,0.0,50.0
572943,Jeff Ibarra,Algodoneros de Guasave,False,3,1,9,3,2024-10-22,33.3,11.1,22.199999999999996
572943,Jeff Ibarra,Algodoneros de Guasave,False,3,1,11,4,2024-10-24,27.3,9.1,18.200000000000003
572943,Jeff Ibarra,Algodoneros de Guasave,True,3,2,14,5,2024-10-25,21.4,14.3,7.099999999999998
585132,Raul Carrillo,Venados de Mazatlan,False,2,0,19,1,2024-10-20,10.5,0.0,10.5
585132,Raul Carrillo,Venados de Mazatlan,False,9,1,39,2,2024-10-25,23.1,2.6,20.5
592761,Caleb Smith,Mayos de Navojoa,True,5,3,22,1,2024-10-20,22.7,13.6,9.1
592761,Caleb Smith,Mayos de Navojoa,False,11,6,41,2,2024-10-24,26.8,14.6,12.200000000000001
592761,Caleb Smith,Mayos de Navojoa,True,13,8,53,3,2024-10-25,24.5,15.1,9.4
592889,Ernesto Zaragoza,Yaquis de Obregon,False,2,0,2,1,2024-10-22,100.0,0.0,100.0
592889,Ernesto Zaragoza,Yaquis de Obregon,True,3,1,6,2,2024-10-25,50.0,16.7,33.3
593372,Carlos Martinez,Yaquis de Obregon,False,3,2,13,1,2024-10-23,23.1,15.4,7.700000000000001
593372,Carlos Martinez,Yaquis de Obregon,True,10,3,44,2,2024-10-25,22.7,6.8,15.899999999999999
593594,Octavio Acosta,Mayos de Navojoa,False,3,3,21,1,2024-10-22,14.3,14.3,0.0
593594,Octavio Acosta,Mayos de Navojoa,True,5,5,45,2,2024-10-25,11.1,11.1,0.0
594027,Tayron Guerrero,Naranjeros de Hermosillo,False,1,0,6,1,2024-10-17,16.7,0.0,16.7
594027,Tayron Guerrero,Naranjeros de Hermosillo,True,2,0,9,2,2024-10-20,22.2,0.0,22.2
594027,Tayron Guerrero,Naranjeros de Hermosillo,True,2,1,14,3,2024-10-20,14.3,7.1,7.200000000000001
594027,Tayron Guerrero,Naranjeros de Hermosillo,True,3,2,20,4,2024-10-24,15.0,10.0,5.0
594027,Tayron Guerrero,Naranjeros de Hermosillo,False,6,2,24,5,2024-10-25,25.0,8.3,16.7
594105,Aldo Montes,Tomateros de Culiacan,False,1,2,27,1,2024-10-22,3.7,7.4,-3.7
594105,Aldo Montes,Tomateros de Culiacan,True,3,4,49,2,2024-10-25,6.1,8.2,-2.0999999999999996
597113,DJ Johnson,Caneros de los Mochis,True,0,0,5,1,2024-10-13,0.0,0.0,0.0
597113,DJ Johnson,Caneros de los Mochis,True,0,1,8,2,2024-10-16,0.0,12.5,-12.5
597113,DJ Johnson,Caneros de los Mochis,False,0,1,11,3,2024-10-18,0.0,9.1,-9.1
597113,DJ Johnson,Caneros de los Mochis,False,0,1,14,4,2024-10-20,0.0,7.1,-7.1
597113,DJ Johnson,Caneros de los Mochis,False,1,1,17,5,2024-10-25,5.9,5.9,0.0
601978,Fabian Cota,Caneros de los Mochis,False,0,0,2,1,2024-10-12,0.0,0.0,0.0
601978,Fabian Cota,Caneros de los Mochis,True,1,1,5,2,2024-10-13,20.0,20.0,0.0
601978,Fabian Cota,Caneros de los Mochis,True,2,1,6,3,2024-10-15,33.3,16.7,16.599999999999998
601978,Fabian Cota,Caneros de los Mochis,False,3,1,9,4,2024-10-18,33.3,11.1,22.199999999999996
601978,Fabian Cota,Caneros de los Mochis,False,3,2,16,5,2024-10-20,18.8,12.5,6.300000000000001
601978,Fabian Cota,Caneros de los Mochis,True,5,2,19,6,2024-10-22,26.3,10.5,15.8
601978,Fabian Cota,Caneros de los Mochis,False,5,2,20,7,2024-10-25,25.0,10.0,15.0
605218,Carl Edwards Jr.,Yaquis de Obregon,True,3,2,17,1,2024-10-18,17.6,11.8,5.800000000000001
605218,Carl Edwards Jr.,Yaquis de Obregon,False,6,2,39,2,2024-10-24,15.4,5.1,10.3
605218,Carl Edwards Jr.,Yaquis de Obregon,True,13,4,63,3,2024-10-25,20.6,6.3,14.3
605446,Dereck Rodríguez,Charros de Jalisco,False,3,0,21,1,2024-10-19,14.3,0.0,14.3
605446,Dereck Rodríguez,Charros de Jalisco,False,7,1,39,2,2024-10-25,17.9,2.6,15.299999999999999
616405,Mario Meza,Charros de Jalisco,False,3,0,3,1,2024-10-13,100.0,0.0,100.0
616405,Mario Meza,Charros de Jalisco,True,3,0,5,2,2024-10-17,60.0,0.0,60.0
616405,Mario Meza,Charros de Jalisco,False,3,2,9,3,2024-10-19,33.3,22.2,11.099999999999998
616405,Mario Meza,Charros de Jalisco,True,5,3,13,4,2024-10-22,38.5,23.1,15.399999999999999
616405,Mario Meza,Charros de Jalisco,True,5,3,17,5,2024-10-24,29.4,17.6,11.799999999999997
616405,Mario Meza,Charros de Jalisco,False,5,3,21,6,2024-10-25,23.8,14.3,9.5
616617,Adrian Gusman,Charros de Jalisco,True,3,0,3,1,2024-10-16,100.0,0.0,100.0
616617,Adrian Gusman,Charros de Jalisco,False,4,0,7,2,2024-10-18,57.1,0.0,57.1
616617,Adrian Gusman,Charros de Jalisco,True,5,0,11,3,2024-10-24,45.5,0.0,45.5
616617,Adrian Gusman,Charros de Jalisco,False,5,1,14,4,2024-10-25,35.7,7.1,28.6
616623,Edwin Fierro,Yaquis de Obregon,False,1,0,3,1,2024-10-15,33.3,0.0,33.3
616623,Edwin Fierro,Yaquis de Obregon,False,1,0,7,2,2024-10-16,14.3,0.0,14.3
616623,Edwin Fierro,Yaquis de Obregon,True,1,0,12,3,2024-10-18,8.3,0.0,8.3
616623,Edwin Fierro,Yaquis de Obregon,True,1,0,15,4,2024-10-19,6.7,0.0,6.7
616623,Edwin Fierro,Yaquis de Obregon,True,1,0,18,5,2024-10-20,5.6,0.0,5.6
616623,Edwin Fierro,Yaquis de Obregon,False,1,0,21,6,2024-10-22,4.8,0.0,4.8
616623,Edwin Fierro,Yaquis de Obregon,False,1,0,24,7,2024-10-24,4.2,0.0,4.2
616623,Edwin Fierro,Yaquis de Obregon,True,2,0,27,8,2024-10-25,7.4,0.0,7.4
619854,Carlos Bustamante,Mayos de Navojoa,False,0,3,7,1,2024-10-13,0.0,42.9,-42.9
619854,Carlos Bustamante,Mayos de Navojoa,False,2,3,10,2,2024-10-16,20.0,30.0,-10.0
619854,Carlos Bustamante,Mayos de Navojoa,True,3,3,13,3,2024-10-20,23.1,23.1,0.0
619854,Carlos Bustamante,Mayos de Navojoa,True,4,3,15,4,2024-10-20,26.7,20.0,6.699999999999999
619854,Carlos Bustamante,Mayos de Navojoa,True,5,3,21,5,2024-10-25,23.8,14.3,9.5
620396,Miguel Aguilar,Charros de Jalisco,True,0,0,3,1,2024-10-16,0.0,0.0,0.0
620396,Miguel Aguilar,Charros de Jalisco,True,1,0,6,2,2024-10-17,16.7,0.0,16.7
620396,Miguel Aguilar,Charros de Jalisco,False,3,0,9,3,2024-10-19,33.3,0.0,33.3
620396,Miguel Aguilar,Charros de Jalisco,True,4,0,11,4,2024-10-24,36.4,0.0,36.4
620396,Miguel Aguilar,Charros de Jalisco,False,5,0,14,5,2024-10-25,35.7,0.0,35.7
622739,Ariel Gracia,Algodoneros de Guasave,True,3,1,16,1,2024-10-15,18.8,6.2,12.600000000000001
622739,Ariel Gracia,Algodoneros de Guasave,False,6,2,27,2,2024-10-20,22.2,7.4,14.799999999999999
622742,Rafael Cordova,Algodoneros de Guasave,True,1,0,3,1,2024-10-13,33.3,0.0,33.3
622742,Rafael Cordova,Algodoneros de Guasave,True,1,0,4,2,2024-10-15,25.0,0.0,25.0
622742,Rafael Cordova,Algodoneros de Guasave,True,2,1,9,3,2024-10-17,22.2,11.1,11.1
622742,Rafael Cordova,Algodoneros de Guasave,False,5,1,13,4,2024-10-20,38.5,7.7,30.8
622742,Rafael Cordova,Algodoneros de Guasave,False,6,1,14,5,2024-10-23,42.9,7.1,35.8
622742,Rafael Cordova,Algodoneros de Guasave,False,6,1,18,6,2024-10-24,33.3,5.6,27.699999999999996
622742,Rafael Cordova,Algodoneros de Guasave,True,7,1,20,7,2024-10-25,35.0,5.0,30.0
622747,Eduardo Vera,Aguilas de Mexicali,True,5,2,19,1,2024-10-20,26.3,10.5,15.8
622747,Eduardo Vera,Aguilas de Mexicali,True,11,2,38,2,2024-10-25,28.9,5.3,23.599999999999998
623985,Manuel Chavez,Aguilas de Mexicali,False,6,1,14,1,2024-10-22,42.9,7.1,35.8
623985,Manuel Chavez,Aguilas de Mexicali,True,9,5,29,2,2024-10-25,31.0,17.2,13.8
625068,Javier Rodriguez,Naranjeros de Hermosillo,False,0,1,7,1,2024-10-16,0.0,14.3,-14.3
628333,Odrisamer Despaigne,Yaquis de Obregon,False,2,2,20,1,2024-10-15,10.0,10.0,0.0
628333,Odrisamer Despaigne,Yaquis de Obregon,True,8,3,40,2,2024-10-20,20.0,7.5,12.5
628333,Odrisamer Despaigne,Yaquis de Obregon,True,11,5,67,3,2024-10-25,16.4,7.5,8.899999999999999
631229,Dalton Rodriguez,Mayos de Navojoa,True,3,0,19,1,2024-10-19,15.8,0.0,15.8
631229,Dalton Rodriguez,Mayos de Navojoa,True,3,0,33,2,2024-10-25,9.1,0.0,9.1
639238,Edgar Arredondo,Tomateros de Culiacan,True,0,1,17,1,2024-10-20,0.0,5.9,-5.9
639238,Edgar Arredondo,Tomateros de Culiacan,True,1,3,38,2,2024-10-25,2.6,7.9,-5.300000000000001
641461,Trevor Clifton,Charros de Jalisco,False,0,0,5,1,2024-10-13,0.0,0.0,0.0
641461,Trevor Clifton,Charros de Jalisco,True,0,0,8,2,2024-10-16,0.0,0.0,0.0
641461,Trevor Clifton,Charros de Jalisco,False,1,0,10,3,2024-10-19,10.0,0.0,10.0
641461,Trevor Clifton,Charros de Jalisco,True,3,0,13,4,2024-10-22,23.1,0.0,23.1
641461,Trevor Clifton,Charros de Jalisco,False,4,3,26,5,2024-10-25,15.4,11.5,3.9000000000000004
641962,CD Pelham,Tomateros de Culiacan,False,1,0,3,1,2024-10-15,33.3,0.0,33.3
641962,CD Pelham,Tomateros de Culiacan,False,1,1,6,2,2024-10-17,16.7,16.7,0.0
641962,CD Pelham,Tomateros de Culiacan,True,1,1,7,3,2024-10-18,14.3,14.3,0.0
641962,CD Pelham,Tomateros de Culiacan,True,1,2,11,4,2024-10-20,9.1,18.2,-9.1
641962,CD Pelham,Tomateros de Culiacan,False,1,2,12,5,2024-10-22,8.3,16.7,-8.399999999999999
641962,CD Pelham,Tomateros de Culiacan,False,1,3,16,6,2024-10-24,6.2,18.8,-12.600000000000001
641962,CD Pelham,Tomateros de Culiacan,True,1,3,20,7,2024-10-25,5.0,15.0,-10.0
641995,Roel Ramírez,Tomateros de Culiacan,True,0,0,1,1,2024-10-12,0.0,0.0,0.0
641995,Roel Ramírez,Tomateros de Culiacan,False,0,0,5,2,2024-10-13,0.0,0.0,0.0
642375,Jose Carlos Medina,Mayos de Navojoa,True,2,1,10,1,2024-10-20,20.0,10.0,10.0
642375,Jose Carlos Medina,Mayos de Navojoa,False,2,1,11,2,2024-10-23,18.2,9.1,9.1
642375,Jose Carlos Medina,Mayos de Navojoa,False,2,1,14,3,2024-10-24,14.3,7.1,7.200000000000001
642375,Jose Carlos Medina,Mayos de Navojoa,True,3,1,20,4,2024-10-25,15.0,5.0,10.0
642532,Luis Miranda,Caneros de los Mochis,False,3,0,25,1,2024-10-18,12.0,0.0,12.0
642532,Luis Miranda,Caneros de los Mochis,True,5,1,50,2,2024-10-24,10.0,2.0,8.0
642532,Luis Miranda,Caneros de los Mochis,False,8,2,74,3,2024-10-25,10.8,2.7,8.100000000000001
642574,Ronald Medrano,Charros de Jalisco,False,5,1,23,1,2024-10-25,21.7,4.3,17.4
642590,Francisco Rios,Sultanes de Monterrey,True,0,1,2,1,2024-10-23,0.0,50.0,-50.0
642590,Francisco Rios,Sultanes de Monterrey,False,1,4,10,2,2024-10-25,10.0,40.0,-30.0
642856,Fabian Anguamea,Algodoneros de Guasave,True,0,1,2,1,2024-10-13,0.0,50.0,-50.0
642856,Fabian Anguamea,Algodoneros de Guasave,True,3,2,6,2,2024-10-15,50.0,33.3,16.700000000000003
642856,Fabian Anguamea,Algodoneros de Guasave,True,4,2,9,3,2024-10-17,44.4,22.2,22.2
642856,Fabian Anguamea,Algodoneros de Guasave,False,6,2,12,4,2024-10-20,50.0,16.7,33.3
642856,Fabian Anguamea,Algodoneros de Guasave,False,9,2,16,5,2024-10-23,56.2,12.5,43.7
642856,Fabian Anguamea,Algodoneros de Guasave,True,9,2,25,6,2024-10-25,36.0,8.0,28.0
643494,A.J. Puckett,Naranjeros de Hermosillo,False,0,0,4,1,2024-10-12,0.0,0.0,0.0
643494,A.J. Puckett,Naranjeros de Hermosillo,True,3,0,12,2,2024-10-19,25.0,0.0,25.0
643494,A.J. Puckett,Naranjeros de Hermosillo,True,7,1,20,3,2024-10-20,35.0,5.0,30.0
643494,A.J. Puckett,Naranjeros de Hermosillo,True,9,1,28,4,2024-10-23,32.1,3.6,28.5
643494,A.J. Puckett,Naranjeros de Hermosillo,True,10,1,32,5,2024-10-24,31.2,3.1,28.099999999999998
643494,A.J. Puckett,Naranjeros de Hermosillo,False,10,1,36,6,2024-10-25,27.8,2.8,25.0
643518,Jose Samayoa,Naranjeros de Hermosillo,True,5,1,19,1,2024-10-20,26.3,5.3,21.0
643518,Jose Samayoa,Naranjeros de Hermosillo,False,7,2,38,2,2024-10-25,18.4,5.3,13.099999999999998
644425,Jake Sanchez,Aguilas de Mexicali,False,1,0,4,1,2024-10-13,25.0,0.0,25.0
644425,Jake Sanchez,Aguilas de Mexicali,False,2,0,9,2,2024-10-16,22.2,0.0,22.2
644425,Jake Sanchez,Aguilas de Mexicali,True,2,1,13,3,2024-10-18,15.4,7.7,7.7
644425,Jake Sanchez,Aguilas de Mexicali,False,3,1,16,4,2024-10-23,18.8,6.2,12.600000000000001
644425,Jake Sanchez,Aguilas de Mexicali,True,4,2,21,5,2024-10-25,19.0,9.5,9.5
645179,Luis Ivan Rodriguez,Charros de Jalisco,True,5,1,20,1,2024-10-17,25.0,5.0,20.0
645179,Luis Ivan Rodriguez,Charros de Jalisco,True,10,1,42,2,2024-10-24,23.8,2.4,21.400000000000002
645179,Luis Ivan Rodriguez,Charros de Jalisco,False,14,2,64,3,2024-10-25,21.9,3.1,18.799999999999997
645799,Isaac Jimenez,Charros de Jalisco,False,0,0,5,1,2024-10-13,0.0,0.0,0.0
645799,Isaac Jimenez,Charros de Jalisco,True,0,2,10,2,2024-10-17,0.0,20.0,-20.0
645799,Isaac Jimenez,Charros de Jalisco,False,1,2,12,3,2024-10-19,8.3,16.7,-8.399999999999999
645799,Isaac Jimenez,Charros de Jalisco,True,1,2,15,4,2024-10-22,6.7,13.3,-6.6000000000000005
645799,Isaac Jimenez,Charros de Jalisco,False,2,3,20,5,2024-10-25,10.0,15.0,-5.0
650813,Luis Escobar,Venados de Mazatlan,True,4,2,26,1,2024-10-22,15.4,7.7,7.7
650813,Luis Escobar,Venados de Mazatlan,False,5,3,45,2,2024-10-25,11.1,6.7,4.3999999999999995
650980,Samuel Zazueta,Yaquis de Obregon,False,2,0,3,1,2024-10-16,66.7,0.0,66.7
650980,Samuel Zazueta,Yaquis de Obregon,True,3,1,6,2,2024-10-18,50.0,16.7,33.3
650980,Samuel Zazueta,Yaquis de Obregon,False,3,1,9,3,2024-10-22,33.3,11.1,22.199999999999996
650980,Samuel Zazueta,Yaquis de Obregon,True,3,1,13,4,2024-10-25,23.1,7.7,15.400000000000002
653252,Sasagi Sanchez,Tomateros de Culiacan,False,0,0,4,1,2024-10-15,0.0,0.0,0.0
653252,Sasagi Sanchez,Tomateros de Culiacan,False,1,0,7,2,2024-10-17,14.3,0.0,14.3
653252,Sasagi Sanchez,Tomateros de Culiacan,True,2,0,10,3,2024-10-18,20.0,0.0,20.0
653252,Sasagi Sanchez,Tomateros de Culiacan,True,5,0,15,4,2024-10-20,33.3,0.0,33.3
653252,Sasagi Sanchez,Tomateros de Culiacan,False,6,0,19,5,2024-10-22,31.6,0.0,31.6
653252,Sasagi Sanchez,Tomateros de Culiacan,False,7,0,22,6,2024-10-24,31.8,0.0,31.8
653252,Sasagi Sanchez,Tomateros de Culiacan,True,7,0,25,7,2024-10-25,28.0,0.0,28.0
656839,Jorge Perez,Algodoneros de Guasave,True,2,0,24,1,2024-10-17,8.3,0.0,8.3
656839,Jorge Perez,Algodoneros de Guasave,True,5,1,45,2,2024-10-25,11.1,2.2,8.899999999999999
657116,Zach Willeman,Yaquis de Obregon,False,1,1,5,1,2024-10-16,20.0,20.0,0.0
657116,Zach Willeman,Yaquis de Obregon,True,2,1,8,2,2024-10-18,25.0,12.5,12.5
657116,Zach Willeman,Yaquis de Obregon,True,4,1,15,3,2024-10-19,26.7,6.7,20.0
657116,Zach Willeman,Yaquis de Obregon,True,5,1,19,4,2024-10-20,26.3,5.3,21.0
657116,Zach Willeman,Yaquis de Obregon,False,7,2,28,5,2024-10-24,25.0,7.1,17.9
657116,Zach Willeman,Yaquis de Obregon,True,7,3,33,6,2024-10-25,21.2,9.1,12.1
658140,Wilmer Rios,Naranjeros de Hermosillo,True,2,1,19,1,2024-10-24,10.5,5.3,5.2
658140,Wilmer Rios,Naranjeros de Hermosillo,False,3,2,36,2,2024-10-25,8.3,5.6,2.700000000000001
660420,Carlos Machorro,Tomateros de Culiacan,True,0,0,3,1,2024-10-18,0.0,0.0,0.0
660420,Carlos Machorro,Tomateros de Culiacan,False,1,0,6,2,2024-10-23,16.7,0.0,16.7
660420,Carlos Machorro,Tomateros de Culiacan,True,2,1,10,3,2024-10-25,20.0,10.0,10.0
660604,Alan Rangel,Naranjeros de Hermosillo,False,2,1,19,1,2024-10-17,10.5,5.3,5.2
660604,Alan Rangel,Naranjeros de Hermosillo,True,6,2,43,2,2024-10-23,14.0,4.7,9.3
660604,Alan Rangel,Naranjeros de Hermosillo,False,11,2,66,3,2024-10-25,16.7,3.0,13.7
660610,Carlos De Leon,Sultanes de Monterrey,True,0,0,7,1,2024-10-23,0.0,0.0,0.0
660826,Lupe Chavez,Caneros de los Mochis,False,1,0,9,1,2024-10-19,11.1,0.0,11.1
660826,Lupe Chavez,Caneros de los Mochis,True,3,1,16,2,2024-10-24,18.8,6.2,12.600000000000001
660826,Lupe Chavez,Caneros de los Mochis,False,5,1,20,3,2024-10-25,25.0,5.0,20.0
660850,Juan Robles,Yaquis de Obregon,False,1,0,4,1,2024-10-11,25.0,0.0,25.0
660850,Juan Robles,Yaquis de Obregon,False,1,0,5,2,2024-10-15,20.0,0.0,20.0
660850,Juan Robles,Yaquis de Obregon,False,1,2,9,3,2024-10-17,11.1,22.2,-11.1
660850,Juan Robles,Yaquis de Obregon,True,2,3,14,4,2024-10-19,14.3,21.4,-7.099999999999998
660850,Juan Robles,Yaquis de Obregon,False,2,3,17,5,2024-10-22,11.8,17.6,-5.800000000000001
660850,Juan Robles,Yaquis de Obregon,True,2,3,20,6,2024-10-25,10.0,15.0,-5.0
660995,Nathanael Santiago,Sultanes de Monterrey,False,1,0,5,1,2024-10-18,20.0,0.0,20.0
660995,Nathanael Santiago,Sultanes de Monterrey,False,2,1,8,2,2024-10-20,25.0,12.5,12.5
660995,Nathanael Santiago,Sultanes de Monterrey,True,2,2,10,3,2024-10-24,20.0,20.0,0.0
660995,Nathanael Santiago,Sultanes de Monterrey,False,3,3,13,4,2024-10-25,23.1,23.1,0.0
661149,Cristian Castillo,Sultanes de Monterrey,False,0,1,4,1,2024-10-20,0.0,25.0,-25.0
661309,Adrián Martínez,Aguilas de Mexicali,True,2,2,19,1,2024-10-18,10.5,10.5,0.0
661309,Adrián Martínez,Aguilas de Mexicali,False,8,2,39,2,2024-10-24,20.5,5.1,15.4
661309,Adrián Martínez,Aguilas de Mexicali,True,11,4,59,3,2024-10-25,18.6,6.8,11.8
662964,Francisco Haro,Mayos de Navojoa,False,2,0,5,1,2024-10-13,40.0,0.0,40.0
662964,Francisco Haro,Mayos de Navojoa,False,3,0,8,2,2024-10-16,37.5,0.0,37.5
662964,Francisco Haro,Mayos de Navojoa,True,3,0,13,3,2024-10-20,23.1,0.0,23.1
662964,Francisco Haro,Mayos de Navojoa,False,6,1,18,4,2024-10-22,33.3,5.6,27.699999999999996
662964,Francisco Haro,Mayos de Navojoa,True,6,2,22,5,2024-10-25,27.3,9.1,18.200000000000003
663793,Dakota Chalmers,Algodoneros de Guasave,False,8,1,22,1,2024-10-20,36.4,4.5,31.9
663793,Dakota Chalmers,Algodoneros de Guasave,True,12,5,42,2,2024-10-25,28.6,11.9,16.700000000000003
663884,Nolan Kingham,Venados de Mazatlan,False,7,1,21,1,2024-10-19,33.3,4.8,28.499999999999996
663884,Nolan Kingham,Venados de Mazatlan,True,16,1,41,2,2024-10-24,39.0,2.4,36.6
663884,Nolan Kingham,Venados de Mazatlan,False,19,3,66,3,2024-10-25,28.8,4.5,24.3
664039,Geno Encina,Algodoneros de Guasave,True,0,3,15,1,2024-10-17,0.0,20.0,-20.0
664039,Geno Encina,Algodoneros de Guasave,True,0,4,17,2,2024-10-25,0.0,23.5,-23.5
664475,Edgar Torres,Sultanes de Monterrey,False,5,2,26,1,2024-10-18,19.2,7.7,11.5
664475,Edgar Torres,Sultanes de Monterrey,True,7,4,46,2,2024-10-24,15.2,8.7,6.5
664475,Edgar Torres,Sultanes de Monterrey,False,9,6,66,3,2024-10-25,13.6,9.1,4.5
664823,David Gutierrez,Tomateros de Culiacan,True,1,0,2,1,2024-10-12,50.0,0.0,50.0
664823,David Gutierrez,Tomateros de Culiacan,False,3,0,5,2,2024-10-15,60.0,0.0,60.0
664823,David Gutierrez,Tomateros de Culiacan,False,3,0,6,3,2024-10-17,50.0,0.0,50.0
664823,David Gutierrez,Tomateros de Culiacan,True,4,0,12,4,2024-10-20,33.3,0.0,33.3
664823,David Gutierrez,Tomateros de Culiacan,False,5,0,13,5,2024-10-22,38.5,0.0,38.5
664823,David Gutierrez,Tomateros de Culiacan,False,7,0,15,6,2024-10-24,46.7,0.0,46.7
664823,David Gutierrez,Tomateros de Culiacan,True,7,1,17,7,2024-10-25,41.2,5.9,35.300000000000004
665958,Darel Torres,Caneros de los Mochis,False,3,3,17,1,2024-10-20,17.6,17.6,0.0
665958,Darel Torres,Caneros de los Mochis,False,11,6,36,2,2024-10-25,30.6,16.7,13.900000000000002
666017,Ruben Reyes,Tomateros de Culiacan,False,1,1,3,1,2024-10-13,33.3,33.3,0.0
666017,Ruben Reyes,Tomateros de Culiacan,False,2,2,7,2,2024-10-15,28.6,28.6,0.0
666017,Ruben Reyes,Tomateros de Culiacan,True,2,2,12,3,2024-10-25,16.7,16.7,0.0
666208,Alex Speas,Venados de Mazatlan,False,2,0,3,1,2024-10-12,66.7,0.0,66.7
666208,Alex Speas,Venados de Mazatlan,True,2,0,7,2,2024-10-15,28.6,0.0,28.6
666208,Alex Speas,Venados de Mazatlan,True,2,1,13,3,2024-10-22,15.4,7.7,7.7
666208,Alex Speas,Venados de Mazatlan,True,4,1,19,4,2024-10-24,21.1,5.3,15.8
666208,Alex Speas,Venados de Mazatlan,False,5,1,22,5,2024-10-25,22.7,4.5,18.2
666510,Ulises Lopez,Yaquis de Obregon,True,2,0,6,1,2024-10-19,33.3,0.0,33.3
666510,Ulises Lopez,Yaquis de Obregon,False,4,0,14,2,2024-10-24,28.6,0.0,28.6
666510,Ulises Lopez,Yaquis de Obregon,True,5,0,17,3,2024-10-25,29.4,0.0,29.4
666627,Faustino Carrera,Sultanes de Monterrey,False,4,0,20,1,2024-10-19,20.0,0.0,20.0
666627,Faustino Carrera,Sultanes de Monterrey,False,10,2,40,2,2024-10-25,25.0,5.0,20.0
667050,Grant Gavin,Algodoneros de Guasave,False,2,1,15,1,2024-10-20,13.3,6.7,6.6000000000000005
667050,Grant Gavin,Algodoneros de Guasave,False,8,3,35,2,2024-10-24,22.9,8.6,14.299999999999999
667050,Grant Gavin,Algodoneros de Guasave,True,16,4,54,3,2024-10-25,29.6,7.4,22.200000000000003
667712,Austin Hansen,Sultanes de Monterrey,True,1,0,4,1,2024-10-13,25.0,0.0,25.0
667712,Austin Hansen,Sultanes de Monterrey,True,4,1,11,2,2024-10-14,36.4,9.1,27.299999999999997
667712,Austin Hansen,Sultanes de Monterrey,True,4,2,15,3,2024-10-16,26.7,13.3,13.399999999999999
667712,Austin Hansen,Sultanes de Monterrey,False,4,3,19,4,2024-10-18,21.1,15.8,5.300000000000001
667712,Austin Hansen,Sultanes de Monterrey,False,4,3,25,5,2024-10-20,16.0,12.0,4.0
667712,Austin Hansen,Sultanes de Monterrey,True,4,3,26,6,2024-10-22,15.4,11.5,3.9000000000000004
667904,Jose Isidro Marquez,Aguilas de Mexicali,False,1,0,4,1,2024-10-13,25.0,0.0,25.0
667904,Jose Isidro Marquez,Aguilas de Mexicali,False,1,0,8,2,2024-10-14,12.5,0.0,12.5
667904,Jose Isidro Marquez,Aguilas de Mexicali,True,2,1,15,3,2024-10-19,13.3,6.7,6.6000000000000005
667904,Jose Isidro Marquez,Aguilas de Mexicali,False,3,1,18,4,2024-10-22,16.7,5.6,11.1
667904,Jose Isidro Marquez,Aguilas de Mexicali,False,5,3,23,5,2024-10-24,21.7,13.0,8.7
667904,Jose Isidro Marquez,Aguilas de Mexicali,True,7,3,26,6,2024-10-25,26.9,11.5,15.399999999999999
667918,Erick Casillas,Venados de Mazatlan,False,1,0,3,1,2024-10-12,33.3,0.0,33.3
667918,Erick Casillas,Venados de Mazatlan,True,2,0,6,2,2024-10-15,33.3,0.0,33.3
667918,Erick Casillas,Venados de Mazatlan,True,3,0,9,3,2024-10-17,33.3,0.0,33.3
667918,Erick Casillas,Venados de Mazatlan,False,3,0,11,4,2024-10-20,27.3,0.0,27.3
667918,Erick Casillas,Venados de Mazatlan,True,3,1,14,5,2024-10-22,21.4,7.1,14.299999999999999
667918,Erick Casillas,Venados de Mazatlan,True,5,1,19,6,2024-10-24,26.3,5.3,21.0
667918,Erick Casillas,Venados de Mazatlan,False,6,2,24,7,2024-10-25,25.0,8.3,16.7
668155,Alberto Leyva,Charros de Jalisco,True,0,1,6,1,2024-10-15,0.0,16.7,-16.7
668155,Alberto Leyva,Charros de Jalisco,False,1,2,11,2,2024-10-18,9.1,18.2,-9.1
668155,Alberto Leyva,Charros de Jalisco,False,3,3,14,3,2024-10-20,21.4,21.4,0.0
668155,Alberto Leyva,Charros de Jalisco,True,4,4,17,4,2024-10-24,23.5,23.5,0.0
668155,Alberto Leyva,Charros de Jalisco,False,4,4,19,5,2024-10-25,21.1,21.1,0.0
668665,Stephen Nogosek,Tomateros de Culiacan,False,3,0,4,1,2024-10-15,75.0,0.0,75.0
668665,Stephen Nogosek,Tomateros de Culiacan,False,3,0,8,2,2024-10-17,37.5,0.0,37.5
668665,Stephen Nogosek,Tomateros de Culiacan,True,6,0,12,3,2024-10-18,50.0,0.0,50.0
668665,Stephen Nogosek,Tomateros de Culiacan,True,7,0,16,4,2024-10-20,43.8,0.0,43.8
668665,Stephen Nogosek,Tomateros de Culiacan,False,7,0,20,5,2024-10-22,35.0,0.0,35.0
668665,Stephen Nogosek,Tomateros de Culiacan,False,9,1,25,6,2024-10-24,36.0,4.0,32.0
668665,Stephen Nogosek,Tomateros de Culiacan,True,10,1,28,7,2024-10-25,35.7,3.6,32.1
668954,Curtis Taylor,Naranjeros de Hermosillo,False,1,1,7,1,2024-10-15,14.3,14.3,0.0
668954,Curtis Taylor,Naranjeros de Hermosillo,True,6,2,24,2,2024-10-20,25.0,8.3,16.7
668954,Curtis Taylor,Naranjeros de Hermosillo,False,13,4,48,3,2024-10-25,27.1,8.3,18.8
669105,Zach Muckenhirn,Sultanes de Monterrey,False,4,1,20,1,2024-10-20,20.0,5.0,15.0
669105,Zach Muckenhirn,Sultanes de Monterrey,False,8,2,41,2,2024-10-25,19.5,4.9,14.6
669214,Conner Menez,Tomateros de Culiacan,False,2,4,21,1,2024-10-23,9.5,19.0,-9.5
669214,Conner Menez,Tomateros de Culiacan,True,9,8,43,2,2024-10-25,20.9,18.6,2.299999999999997
670416,Zach Matson,Mayos de Navojoa,True,3,2,18,1,2024-10-20,16.7,11.1,5.6
670416,Zach Matson,Mayos de Navojoa,True,5,5,37,2,2024-10-25,13.5,13.5,0.0
670986,Jose Bravo,Tomateros de Culiacan,False,1,1,5,1,2024-10-23,20.0,20.0,0.0
671760,Mario Jimenez,Aguilas de Mexicali,False,1,0,4,1,2024-10-14,25.0,0.0,25.0
671760,Mario Jimenez,Aguilas de Mexicali,True,1,0,6,2,2024-10-19,16.7,0.0,16.7
671760,Mario Jimenez,Aguilas de Mexicali,False,1,0,11,3,2024-10-22,9.1,0.0,9.1
671760,Mario Jimenez,Aguilas de Mexicali,True,1,1,13,4,2024-10-25,7.7,7.7,0.0
671790,Ronald Bolaños,Caneros de los Mochis,False,7,1,18,1,2024-10-19,38.9,5.6,33.3
671790,Ronald Bolaños,Caneros de los Mochis,False,11,4,37,2,2024-10-25,29.7,10.8,18.9
672598,Alemao Hernandez,Charros de Jalisco,True,1,4,22,1,2024-10-22,4.5,18.2,-13.7
672598,Alemao Hernandez,Charros de Jalisco,False,5,5,46,2,2024-10-25,10.9,10.9,0.0
672911,Jesus Cruz,Aguilas de Mexicali,False,2,0,4,1,2024-10-13,50.0,0.0,50.0
672911,Jesus Cruz,Aguilas de Mexicali,False,3,0,7,2,2024-10-16,42.9,0.0,42.9
672911,Jesus Cruz,Aguilas de Mexicali,True,5,0,10,3,2024-10-18,50.0,0.0,50.0
672911,Jesus Cruz,Aguilas de Mexicali,True,6,1,14,4,2024-10-20,42.9,7.1,35.8
672911,Jesus Cruz,Aguilas de Mexicali,False,8,2,18,5,2024-10-23,44.4,11.1,33.3
672911,Jesus Cruz,Aguilas de Mexicali,True,8,2,21,6,2024-10-25,38.1,9.5,28.6
674476,Jonathan Partida,Mayos de Navojoa,True,0,1,1,1,2024-10-12,0.0,100.0,-100.0
674476,Jonathan Partida,Mayos de Navojoa,False,0,1,2,2,2024-10-17,0.0,50.0,-50.0
674476,Jonathan Partida,Mayos de Navojoa,True,0,1,4,3,2024-10-19,0.0,25.0,-25.0
674476,Jonathan Partida,Mayos de Navojoa,True,1,1,6,4,2024-10-20,16.7,16.7,0.0
674476,Jonathan Partida,Mayos de Navojoa,False,1,2,8,5,2024-10-22,12.5,25.0,-12.5
674476,Jonathan Partida,Mayos de Navojoa,False,1,2,9,6,2024-10-24,11.1,22.2,-11.1
674476,Jonathan Partida,Mayos de Navojoa,True,1,3,12,7,2024-10-25,8.3,25.0,-16.7
674478,Luis Payan,Charros de Jalisco,False,3,0,22,1,2024-10-20,13.6,0.0,13.6
674478,Luis Payan,Charros de Jalisco,False,6,0,42,2,2024-10-25,14.3,0.0,14.3
674810,Victor Castaneda,Tomateros de Culiacan,True,5,4,22,1,2024-10-19,22.7,18.2,4.5
674810,Victor Castaneda,Tomateros de Culiacan,True,8,4,51,2,2024-10-25,15.7,7.8,7.8999999999999995
675188,Hector Villalobos,Venados de Mazatlan,False,0,0,1,1,2024-10-20,0.0,0.0,0.0
675188,Hector Villalobos,Venados de Mazatlan,True,2,0,4,2,2024-10-22,50.0,0.0,50.0
675188,Hector Villalobos,Venados de Mazatlan,False,3,1,8,3,2024-10-25,37.5,12.5,25.0
675546,Jesus Huerta,Algodoneros de Guasave,True,1,2,7,1,2024-10-16,14.3,28.6,-14.3
675546,Jesus Huerta,Algodoneros de Guasave,True,1,3,13,2,2024-10-25,7.7,23.1,-15.400000000000002
675880,Daniel De La Fuente,Yaquis de Obregon,True,2,0,6,1,2024-10-12,33.3,0.0,33.3
675880,Daniel De La Fuente,Yaquis de Obregon,False,3,0,9,2,2024-10-17,33.3,0.0,33.3
675880,Daniel De La Fuente,Yaquis de Obregon,False,6,2,18,3,2024-10-22,33.3,11.1,22.199999999999996
675880,Daniel De La Fuente,Yaquis de Obregon,True,8,2,24,4,2024-10-25,33.3,8.3,24.999999999999996
676019,Oscar Rojas,Algodoneros de Guasave,False,1,2,6,1,2024-10-24,16.7,33.3,-16.599999999999998
676084,Noah Bremer,Sultanes de Monterrey,True,6,0,18,1,2024-10-16,33.3,0.0,33.3
676084,Noah Bremer,Sultanes de Monterrey,True,9,1,38,2,2024-10-23,23.7,2.6,21.099999999999998
676084,Noah Bremer,Sultanes de Monterrey,False,9,3,55,3,2024-10-25,16.4,5.5,10.899999999999999
676190,Carlos Morales,Algodoneros de Guasave,True,0,0,3,1,2024-10-13,0.0,0.0,0.0
676190,Carlos Morales,Algodoneros de Guasave,False,1,0,10,2,2024-10-19,10.0,0.0,10.0
676190,Carlos Morales,Algodoneros de Guasave,False,4,1,17,3,2024-10-23,23.5,5.9,17.6
676190,Carlos Morales,Algodoneros de Guasave,True,4,2,22,4,2024-10-25,18.2,9.1,9.1
676666,Matt Turner,Sultanes de Monterrey,False,1,2,5,1,2024-10-11,20.0,40.0,-20.0
676666,Matt Turner,Sultanes de Monterrey,True,1,2,10,2,2024-10-14,10.0,20.0,-10.0
676666,Matt Turner,Sultanes de Monterrey,True,2,2,15,3,2024-10-16,13.3,13.3,0.0
676666,Matt Turner,Sultanes de Monterrey,False,2,2,20,4,2024-10-18,10.0,10.0,0.0
676666,Matt Turner,Sultanes de Monterrey,False,4,2,22,5,2024-10-20,18.2,9.1,9.1
676666,Matt Turner,Sultanes de Monterrey,False,4,2,27,6,2024-10-25,14.8,7.4,7.4
676689,Ricky Karcher,Naranjeros de Hermosillo,False,2,2,6,1,2024-10-16,33.3,33.3,0.0
676689,Ricky Karcher,Naranjeros de Hermosillo,False,3,2,9,2,2024-10-17,33.3,22.2,11.099999999999998
676689,Ricky Karcher,Naranjeros de Hermosillo,True,4,2,12,3,2024-10-20,33.3,16.7,16.599999999999998
676689,Ricky Karcher,Naranjeros de Hermosillo,True,7,2,18,4,2024-10-20,38.9,11.1,27.799999999999997
676689,Ricky Karcher,Naranjeros de Hermosillo,True,8,2,22,5,2024-10-23,36.4,9.1,27.299999999999997
676689,Ricky Karcher,Naranjeros de Hermosillo,False,9,2,26,6,2024-10-25,34.6,7.7,26.900000000000002
677076,Clayton Andrews,Aguilas de Mexicali,False,0,0,3,1,2024-10-13,0.0,0.0,0.0
677076,Clayton Andrews,Aguilas de Mexicali,False,1,0,4,2,2024-10-14,25.0,0.0,25.0
677076,Clayton Andrews,Aguilas de Mexicali,True,1,0,5,3,2024-10-19,20.0,0.0,20.0
677076,Clayton Andrews,Aguilas de Mexicali,False,1,1,8,4,2024-10-22,12.5,12.5,0.0
677076,Clayton Andrews,Aguilas de Mexicali,False,4,3,13,5,2024-10-24,30.8,23.1,7.699999999999999
677076,Clayton Andrews,Aguilas de Mexicali,True,6,3,16,6,2024-10-25,37.5,18.8,18.7
677604,Damian Mendoza,Mayos de Navojoa,False,2,2,9,1,2024-10-24,22.2,22.2,0.0
677604,Damian Mendoza,Mayos de Navojoa,True,5,2,23,2,2024-10-25,21.7,8.7,13.0
677915,Dario Gardea,Charros de Jalisco,True,1,0,4,1,2024-10-16,25.0,0.0,25.0
677915,Dario Gardea,Charros de Jalisco,False,2,0,7,2,2024-10-18,28.6,0.0,28.6
677915,Dario Gardea,Charros de Jalisco,False,2,0,10,3,2024-10-25,20.0,0.0,20.0
678410,Saul Vazquez,Yaquis de Obregon,False,1,1,3,1,2024-10-16,33.3,33.3,0.0
678410,Saul Vazquez,Yaquis de Obregon,False,5,4,24,2,2024-10-23,20.8,16.7,4.100000000000001
678410,Saul Vazquez,Yaquis de Obregon,True,6,4,30,3,2024-10-25,20.0,13.3,6.699999999999999
678712,Mario Garcia,Sultanes de Monterrey,True,2,0,7,1,2024-10-24,28.6,0.0,28.6
678713,Efrain Contreras,Tomateros de Culiacan,False,1,0,5,1,2024-10-16,20.0,0.0,20.0
678713,Efrain Contreras,Tomateros de Culiacan,True,2,1,7,2,2024-10-18,28.6,14.3,14.3
678713,Efrain Contreras,Tomateros de Culiacan,True,2,2,11,3,2024-10-20,18.2,18.2,0.0
678713,Efrain Contreras,Tomateros de Culiacan,False,3,2,14,4,2024-10-23,21.4,14.3,7.099999999999998
678713,Efrain Contreras,Tomateros de Culiacan,True,4,2,22,5,2024-10-25,18.2,9.1,9.1
679857,Carlos Tavera,Mayos de Navojoa,False,4,2,17,1,2024-10-17,23.5,11.8,11.7
679857,Carlos Tavera,Mayos de Navojoa,False,6,4,35,2,2024-10-23,17.1,11.4,5.700000000000001
679857,Carlos Tavera,Mayos de Navojoa,True,11,8,58,3,2024-10-25,19.0,13.8,5.199999999999999
679893,Manuel Urias,Caneros de los Mochis,True,3,3,16,1,2024-10-17,18.8,18.8,0.0
679893,Manuel Urias,Caneros de los Mochis,True,7,3,29,2,2024-10-24,24.1,10.3,13.8
680048,Aldo Ramirez,Charros de Jalisco,True,0,2,3,1,2024-10-23,0.0,66.7,-66.7
680048,Aldo Ramirez,Charros de Jalisco,True,1,4,12,2,2024-10-24,8.3,33.3,-24.999999999999996
680653,Denny Roman,Mayos de Navojoa,True,0,0,4,1,2024-10-19,0.0,0.0,0.0
680653,Denny Roman,Mayos de Navojoa,True,0,0,5,2,2024-10-20,0.0,0.0,0.0
680653,Denny Roman,Mayos de Navojoa,True,0,1,6,3,2024-10-20,0.0,16.7,-16.7
680653,Denny Roman,Mayos de Navojoa,False,0,2,8,4,2024-10-22,0.0,25.0,-25.0
680653,Denny Roman,Mayos de Navojoa,True,0,2,9,5,2024-10-25,0.0,22.2,-22.2
681659,Jorge Rodriguez,Naranjeros de Hermosillo,True,0,0,1,1,2024-10-24,0.0,0.0,0.0
681659,Jorge Rodriguez,Naranjeros de Hermosillo,False,0,0,4,2,2024-10-25,0.0,0.0,0.0
681753,Adrian Hernandez,Caneros de los Mochis,True,0,0,3,1,2024-10-15,0.0,0.0,0.0
681753,Adrian Hernandez,Caneros de los Mochis,True,1,1,7,2,2024-10-17,14.3,14.3,0.0
681753,Adrian Hernandez,Caneros de los Mochis,True,1,1,11,3,2024-10-23,9.1,9.1,0.0
681753,Adrian Hernandez,Caneros de los Mochis,False,2,1,15,4,2024-10-25,13.3,6.7,6.6000000000000005
681871,Eli Villalobos,Aguilas de Mexicali,True,0,0,1,1,2024-10-11,0.0,0.0,0.0
681871,Eli Villalobos,Aguilas de Mexicali,False,0,0,4,2,2024-10-13,0.0,0.0,0.0
681871,Eli Villalobos,Aguilas de Mexicali,False,0,0,5,3,2024-10-15,0.0,0.0,0.0
681871,Eli Villalobos,Aguilas de Mexicali,True,0,0,9,4,2024-10-18,0.0,0.0,0.0
681871,Eli Villalobos,Aguilas de Mexicali,True,1,0,13,5,2024-10-19,7.7,0.0,7.7
681871,Eli Villalobos,Aguilas de Mexicali,False,1,0,16,6,2024-10-22,6.2,0.0,6.2
681871,Eli Villalobos,Aguilas de Mexicali,False,3,1,20,7,2024-10-23,15.0,5.0,10.0
681871,Eli Villalobos,Aguilas de Mexicali,True,3,1,22,8,2024-10-25,13.6,4.5,9.1
682608,Peyton Gray,Algodoneros de Guasave,False,0,2,2,1,2024-10-19,0.0,100.0,-100.0
682779,Jose Luna,Caneros de los Mochis,True,0,1,2,1,2024-10-16,0.0,50.0,-50.0
682779,Jose Luna,Caneros de los Mochis,True,2,1,6,2,2024-10-17,33.3,16.7,16.599999999999998
682779,Jose Luna,Caneros de los Mochis,True,2,2,9,3,2024-10-22,22.2,22.2,0.0
682779,Jose Luna,Caneros de los Mochis,False,2,3,10,4,2024-10-25,20.0,30.0,-10.0
682961,Mario Perez,Sultanes de Monterrey,False,0,0,4,1,2024-10-11,0.0,0.0,0.0
682961,Mario Perez,Sultanes de Monterrey,True,0,2,9,2,2024-10-14,0.0,22.2,-22.2
682961,Mario Perez,Sultanes de Monterrey,False,0,3,13,3,2024-10-18,0.0,23.1,-23.1
682961,Mario Perez,Sultanes de Monterrey,False,0,3,18,4,2024-10-20,0.0,16.7,-16.7
682961,Mario Perez,Sultanes de Monterrey,True,0,4,20,5,2024-10-23,0.0,20.0,-20.0
682961,Mario Perez,Sultanes de Monterrey,True,1,4,22,6,2024-10-24,4.5,18.2,-13.7
682961,Mario Perez,Sultanes de Monterrey,False,2,4,23,7,2024-10-25,8.7,17.4,-8.7
683030,Edwyn Valle,Mayos de Navojoa,True,1,1,3,1,2024-10-12,33.3,33.3,0.0
683030,Edwyn Valle,Mayos de Navojoa,False,1,1,5,2,2024-10-15,20.0,20.0,0.0
683030,Edwyn Valle,Mayos de Navojoa,False,1,1,8,3,2024-10-17,12.5,12.5,0.0
683030,Edwyn Valle,Mayos de Navojoa,True,1,1,11,4,2024-10-20,9.1,9.1,0.0
683030,Edwyn Valle,Mayos de Navojoa,False,2,2,16,5,2024-10-23,12.5,12.5,0.0
683030,Edwyn Valle,Mayos de Navojoa,True,3,2,19,6,2024-10-25,15.8,10.5,5.300000000000001
683124,Fernando Olguin,Tomateros de Culiacan,False,1,0,3,1,2024-10-16,33.3,0.0,33.3
683124,Fernando Olguin,Tomateros de Culiacan,True,1,0,7,2,2024-10-18,14.3,0.0,14.3
683124,Fernando Olguin,Tomateros de Culiacan,False,4,0,12,3,2024-10-22,33.3,0.0,33.3
683124,Fernando Olguin,Tomateros de Culiacan,True,6,1,17,4,2024-10-25,35.3,5.9,29.4
683138,Fernando Lozano,Aguilas de Mexicali,True,3,2,21,1,2024-10-19,14.3,9.5,4.800000000000001
683138,Fernando Lozano,Aguilas de Mexicali,True,8,2,41,2,2024-10-25,19.5,4.9,14.6
684118,Victor Buelna,Algodoneros de Guasave,True,1,0,3,1,2024-10-16,33.3,0.0,33.3
684118,Victor Buelna,Algodoneros de Guasave,False,3,0,10,2,2024-10-19,30.0,0.0,30.0
684118,Victor Buelna,Algodoneros de Guasave,False,5,0,16,3,2024-10-22,31.2,0.0,31.2
684118,Victor Buelna,Algodoneros de Guasave,False,5,1,26,4,2024-10-23,19.2,3.8,15.399999999999999
684118,Victor Buelna,Algodoneros de Guasave,True,6,1,30,5,2024-10-25,20.0,3.3,16.7
685692,Vicente Valenzuela,Caneros de los Mochis,False,3,1,8,1,2024-10-20,37.5,12.5,25.0
685692,Vicente Valenzuela,Caneros de los Mochis,True,4,2,15,2,2024-10-24,26.7,13.3,13.399999999999999
685829,Irving Machuca,Caneros de los Mochis,False,2,0,2,1,2024-10-12,100.0,0.0,100.0
685829,Irving Machuca,Caneros de los Mochis,True,4,1,7,2,2024-10-13,57.1,14.3,42.8
685829,Irving Machuca,Caneros de los Mochis,True,6,1,12,3,2024-10-15,50.0,8.3,41.7
685829,Irving Machuca,Caneros de los Mochis,False,7,2,18,4,2024-10-18,38.9,11.1,27.799999999999997
685829,Irving Machuca,Caneros de los Mochis,False,7,2,22,5,2024-10-20,31.8,9.1,22.700000000000003
685829,Irving Machuca,Caneros de los Mochis,False,10,2,28,6,2024-10-25,35.7,7.1,28.6
686317,Edgar Manzo,Charros de Jalisco,True,0,1,7,1,2024-10-15,0.0,14.3,-14.3
686317,Edgar Manzo,Charros de Jalisco,True,1,2,12,2,2024-10-16,8.3,16.7,-8.399999999999999
686317,Edgar Manzo,Charros de Jalisco,True,1,2,13,3,2024-10-17,7.7,15.4,-7.7
686734,Arturo Roque,Sultanes de Monterrey,True,1,1,9,1,2024-10-22,11.1,11.1,0.0
686734,Arturo Roque,Sultanes de Monterrey,True,1,2,14,2,2024-10-23,7.1,14.3,-7.200000000000001
686734,Arturo Roque,Sultanes de Monterrey,False,2,2,17,3,2024-10-25,11.8,11.8,0.0
687455,Juan Cossio,Algodoneros de Guasave,False,2,1,5,1,2024-10-19,40.0,20.0,20.0
687455,Juan Cossio,Algodoneros de Guasave,False,3,1,12,2,2024-10-22,25.0,8.3,16.7
687455,Juan Cossio,Algodoneros de Guasave,True,5,4,19,3,2024-10-25,26.3,21.1,5.199999999999999
690909,Daniel Cruz,Venados de Mazatlan,False,0,1,4,1,2024-10-12,0.0,25.0,-25.0
690909,Daniel Cruz,Venados de Mazatlan,True,0,1,5,2,2024-10-13,0.0,20.0,-20.0
690909,Daniel Cruz,Venados de Mazatlan,True,0,1,6,3,2024-10-16,0.0,16.7,-16.7
690909,Daniel Cruz,Venados de Mazatlan,False,0,1,10,4,2024-10-20,0.0,10.0,-10.0
690909,Daniel Cruz,Aguilas de Mexicali,False,1,2,16,5,2024-10-22,6.2,12.5,-6.3
690909,Daniel Cruz,Aguilas de Mexicali,False,2,2,21,6,2024-10-24,9.5,9.5,0.0
690909,Daniel Cruz,Aguilas de Mexicali,True,3,2,25,7,2024-10-25,12.0,8.0,4.0
691388,Jonas Garibay,Caneros de los Mochis,False,0,1,5,1,2024-10-19,0.0,20.0,-20.0
691388,Jonas Garibay,Caneros de los Mochis,True,1,1,10,2,2024-10-23,10.0,10.0,0.0
691388,Jonas Garibay,Caneros de los Mochis,True,2,1,15,3,2024-10-24,13.3,6.7,6.6000000000000005
691388,Jonas Garibay,Caneros de los Mochis,False,4,1,19,4,2024-10-25,21.1,5.3,15.8
691678,Vidal Sotelo,Algodoneros de Guasave,False,2,2,12,1,2024-10-23,16.7,16.7,0.0
691714,Kevin Ribon,Algodoneros de Guasave,False,0,0,1,1,2024-10-24,0.0,0.0,0.0
691823,Esteban Bloch,Mayos de Navojoa,True,0,0,3,1,2024-10-12,0.0,0.0,0.0
691823,Esteban Bloch,Mayos de Navojoa,False,2,1,7,2,2024-10-15,28.6,14.3,14.3
691823,Esteban Bloch,Mayos de Navojoa,False,2,1,12,3,2024-10-17,16.7,8.3,8.399999999999999
691823,Esteban Bloch,Mayos de Navojoa,True,2,2,16,4,2024-10-19,12.5,12.5,0.0
691823,Esteban Bloch,Mayos de Navojoa,True,3,2,22,5,2024-10-20,13.6,9.1,4.5
691823,Esteban Bloch,Mayos de Navojoa,False,4,2,24,6,2024-10-22,16.7,8.3,8.399999999999999
691823,Esteban Bloch,Mayos de Navojoa,False,4,3,29,7,2024-10-23,13.8,10.3,3.5
691823,Esteban Bloch,Mayos de Navojoa,False,4,3,34,8,2024-10-24,11.8,8.8,3.0
691928,Patricio Ress,Aguilas de Mexicali,False,1,0,2,1,2024-10-22,50.0,0.0,50.0
691928,Patricio Ress,Aguilas de Mexicali,True,1,0,6,2,2024-10-25,16.7,0.0,16.7
691959,Nestor Anguamea,Sultanes de Monterrey,True,0,1,4,1,2024-10-15,0.0,25.0,-25.0
691959,Nestor Anguamea,Sultanes de Monterrey,False,0,3,7,2,2024-10-18,0.0,42.9,-42.9
691959,Nestor Anguamea,Sultanes de Monterrey,False,1,3,8,3,2024-10-19,12.5,37.5,-25.0
691959,Nestor Anguamea,Sultanes de Monterrey,True,1,3,11,4,2024-10-22,9.1,27.3,-18.200000000000003
691959,Nestor Anguamea,Sultanes de Monterrey,True,1,3,17,5,2024-10-24,5.9,17.6,-11.700000000000001
691959,Nestor Anguamea,Sultanes de Monterrey,False,1,3,22,6,2024-10-25,4.5,13.6,-9.1
692271,Jose Luis Reyes,Aguilas de Mexicali,False,0,0,5,1,2024-10-15,0.0,0.0,0.0
692401,Juan Salas,Sultanes de Monterrey,True,4,2,16,1,2024-10-16,25.0,12.5,12.5
692401,Juan Salas,Sultanes de Monterrey,True,8,4,30,2,2024-10-23,26.7,13.3,13.399999999999999
692643,Ernesto Borges,Venados de Mazatlan,True,0,1,3,1,2024-10-23,0.0,33.3,-33.3
692643,Ernesto Borges,Venados de Mazatlan,True,2,2,10,2,2024-10-24,20.0,20.0,0.0
692940,Erick Preciado,Mayos de Navojoa,True,1,1,13,1,2024-10-25,7.7,7.7,0.0
693730,Ruben Salinas,Yaquis de Obregon,False,1,0,4,1,2024-10-17,25.0,0.0,25.0
693730,Ruben Salinas,Yaquis de Obregon,True,2,0,7,2,2024-10-19,28.6,0.0,28.6
693730,Ruben Salinas,Yaquis de Obregon,False,2,0,8,3,2024-10-22,25.0,0.0,25.0
693730,Ruben Salinas,Yaquis de Obregon,True,2,0,9,4,2024-10-25,22.2,0.0,22.2
694756,J.P. Woodward,Venados de Mazatlan,False,0,1,5,1,2024-10-12,0.0,20.0,-20.0
694756,J.P. Woodward,Venados de Mazatlan,True,1,3,10,2,2024-10-15,10.0,30.0,-20.0
694756,J.P. Woodward,Venados de Mazatlan,False,1,3,13,3,2024-10-20,7.7,23.1,-15.400000000000002
694756,J.P. Woodward,Venados de Mazatlan,False,1,5,19,4,2024-10-20,5.3,26.3,-21.0
694756,J.P. Woodward,Venados de Mazatlan,True,1,6,24,5,2024-10-22,4.2,25.0,-20.8
694756,J.P. Woodward,Venados de Mazatlan,True,1,7,27,6,2024-10-24,3.7,25.9,-22.2
694756,J.P. Woodward,Venados de Mazatlan,False,1,7,31,7,2024-10-25,3.2,22.6,-19.400000000000002
695871,Jesus Broca,Algodoneros de Guasave,True,1,1,4,1,2024-10-13,25.0,25.0,0.0
695871,Jesus Broca,Algodoneros de Guasave,True,1,1,5,2,2024-10-15,20.0,20.0,0.0
695871,Jesus Broca,Algodoneros de Guasave,False,2,2,11,3,2024-10-20,18.2,18.2,0.0
695871,Jesus Broca,Algodoneros de Guasave,False,2,2,14,4,2024-10-22,14.3,14.3,0.0
695871,Jesus Broca,Algodoneros de Guasave,False,3,3,17,5,2024-10-24,17.6,17.6,0.0
698962,Ricardo Estrada,Tomateros de Culiacan,False,1,0,7,1,2024-10-16,14.3,0.0,14.3
698962,Ricardo Estrada,Tomateros de Culiacan,True,3,1,10,2,2024-10-20,30.0,10.0,20.0
698962,Ricardo Estrada,Tomateros de Culiacan,False,4,1,11,3,2024-10-22,36.4,9.1,27.299999999999997
698962,Ricardo Estrada,Tomateros de Culiacan,True,4,1,12,4,2024-10-25,33.3,8.3,24.999999999999996
699063,Pedro Santillan,Aguilas de Mexicali,False,0,0,2,1,2024-10-14,0.0,0.0,0.0
699063,Pedro Santillan,Aguilas de Mexicali,False,0,1,4,2,2024-10-24,0.0,25.0,-25.0
699063,Pedro Santillan,Aguilas de Mexicali,True,0,2,10,3,2024-10-25,0.0,20.0,-20.0
700063,Alexis Vera,Sultanes de Monterrey,False,0,0,5,1,2024-10-18,0.0,0.0,0.0
700063,Alexis Vera,Sultanes de Monterrey,False,0,1,9,2,2024-10-19,0.0,11.1,-11.1
700063,Alexis Vera,Sultanes de Monterrey,False,1,1,13,3,2024-10-20,7.7,7.7,0.0
700063,Alexis Vera,Sultanes de Monterrey,True,1,1,19,4,2024-10-24,5.3,5.3,0.0
700063,Alexis Vera,Sultanes de Monterrey,False,2,2,25,5,2024-10-25,8.0,8.0,0.0
700071,Alexandro Tovalin,Venados de Mazatlan,True,0,0,3,1,2024-10-22,0.0,0.0,0.0
700071,Alexandro Tovalin,Venados de Mazatlan,False,0,2,5,2,2024-10-25,0.0,40.0,-40.0
701013,Ricardo Chapa,Sultanes de Monterrey,True,0,1,7,1,2024-10-24,0.0,14.3,-14.3
701063,Pablo Tellez,Venados de Mazatlan,False,7,0,23,1,2024-10-20,30.4,0.0,30.4
701063,Pablo Tellez,Venados de Mazatlan,False,7,2,37,2,2024-10-25,18.9,5.4,13.499999999999998
701432,Orlando Gonzalez,Naranjeros de Hermosillo,True,1,0,5,1,2024-10-20,20.0,0.0,20.0
701432,Orlando Gonzalez,Naranjeros de Hermosillo,True,1,0,9,2,2024-10-22,11.1,0.0,11.1
703006,Jorge Sauceda,Mayos de Navojoa,False,0,0,4,1,2024-10-15,0.0,0.0,0.0
703006,Jorge Sauceda,Mayos de Navojoa,False,0,0,10,2,2024-10-16,0.0,0.0,0.0
703006,Jorge Sauceda,Mayos de Navojoa,True,0,2,15,3,2024-10-19,0.0,13.3,-13.3
703006,Jorge Sauceda,Mayos de Navojoa,True,0,2,17,4,2024-10-25,0.0,11.8,-11.8
703590,Frank Moscatiello,Caneros de los Mochis,False,0,3,3,1,2024-10-19,0.0,100.0,-100.0
703590,Frank Moscatiello,Caneros de los Mochis,True,1,4,7,2,2024-10-23,14.3,57.1,-42.8
703590,Frank Moscatiello,Caneros de los Mochis,False,2,6,16,3,2024-10-25,12.5,37.5,-25.0
703655,Dan Kubiuk,Algodoneros de Guasave,True,1,0,4,1,2024-10-13,25.0,0.0,25.0
703655,Dan Kubiuk,Algodoneros de Guasave,True,2,0,8,2,2024-10-17,25.0,0.0,25.0
703655,Dan Kubiuk,Algodoneros de Guasave,False,4,0,11,3,2024-10-22,36.4,0.0,36.4
703655,Dan Kubiuk,Algodoneros de Guasave,False,4,0,15,4,2024-10-24,26.7,0.0,26.7
703655,Dan Kubiuk,Algodoneros de Guasave,True,6,0,20,5,2024-10-25,30.0,0.0,30.0
703716,Anibal Cervantes,Naranjeros de Hermosillo,False,1,0,6,1,2024-10-25,16.7,0.0,16.7
703721,Ivan Izaguirre,Algodoneros de Guasave,True,0,0,5,1,2024-10-16,0.0,0.0,0.0
703721,Ivan Izaguirre,Algodoneros de Guasave,False,3,1,10,2,2024-10-20,30.0,10.0,20.0
703721,Ivan Izaguirre,Algodoneros de Guasave,False,5,1,15,3,2024-10-22,33.3,6.7,26.599999999999998
703721,Ivan Izaguirre,Algodoneros de Guasave,False,5,2,21,4,2024-10-23,23.8,9.5,14.3
703721,Ivan Izaguirre,Algodoneros de Guasave,True,6,2,27,5,2024-10-25,22.2,7.4,14.799999999999999
703722,Miguel Vazquez,Caneros de los Mochis,True,0,0,2,1,2024-10-15,0.0,0.0,0.0
703722,Miguel Vazquez,Caneros de los Mochis,True,1,0,5,2,2024-10-17,20.0,0.0,20.0
703722,Miguel Vazquez,Caneros de los Mochis,False,3,0,9,3,2024-10-19,33.3,0.0,33.3
703722,Miguel Vazquez,Caneros de los Mochis,True,3,1,14,4,2024-10-22,21.4,7.1,14.299999999999999
703722,Miguel Vazquez,Caneros de los Mochis,True,3,3,20,5,2024-10-23,15.0,15.0,0.0
703722,Miguel Vazquez,Caneros de los Mochis,False,4,3,23,6,2024-10-25,17.4,13.0,4.399999999999999
703725,Luis Gastelum,Caneros de los Mochis,False,1,1,4,1,2024-10-12,25.0,25.0,0.0
703725,Luis Gastelum,Caneros de los Mochis,True,2,2,8,2,2024-10-15,25.0,25.0,0.0
703725,Luis Gastelum,Caneros de los Mochis,False,3,2,12,3,2024-10-18,25.0,16.7,8.3
703725,Luis Gastelum,Caneros de los Mochis,True,3,2,13,4,2024-10-22,23.1,15.4,7.700000000000001
703725,Luis Gastelum,Caneros de los Mochis,False,6,2,20,5,2024-10-25,30.0,10.0,20.0
703865,Christian Crespo,Algodoneros de Guasave,False,1,2,7,1,2024-10-24,14.3,28.6,-14.3
800078,Augusto Mendieta,Naranjeros de Hermosillo,False,1,2,9,1,2024-10-25,11.1,22.2,-11.1
800079,Cristian Alvarado,Charros de Jalisco,False,1,0,4,1,2024-10-13,25.0,0.0,25.0
800079,Cristian Alvarado,Charros de Jalisco,True,2,0,8,2,2024-10-16,25.0,0.0,25.0
800079,Cristian Alvarado,Charros de Jalisco,False,3,1,12,3,2024-10-19,25.0,8.3,16.7
800079,Cristian Alvarado,Charros de Jalisco,False,3,2,16,4,2024-10-20,18.8,12.5,6.300000000000001
800079,Cristian Alvarado,Charros de Jalisco,True,3,2,17,5,2024-10-23,17.6,11.8,5.800000000000001
800079,Cristian Alvarado,Charros de Jalisco,True,3,3,22,6,2024-10-24,13.6,13.6,0.0
800099,Edwin Cervantes,Algodoneros de Guasave,True,0,0,1,1,2024-10-25,0.0,0.0,0.0
802559,Victor Morales,Venados de Mazatlan,True,0,0,3,1,2024-10-15,0.0,0.0,0.0
802559,Victor Morales,Venados de Mazatlan,False,1,2,7,2,2024-10-20,14.3,28.6,-14.3
802559,Victor Morales,Venados de Mazatlan,True,2,2,8,3,2024-10-22,25.0,25.0,0.0
802559,Victor Morales,Venados de Mazatlan,True,3,3,13,4,2024-10-24,23.1,23.1,0.0
802581,Alejandro Morales,Charros de Jalisco,True,2,0,6,1,2024-10-22,33.3,0.0,33.3
802581,Alejandro Morales,Charros de Jalisco,False,3,0,10,2,2024-10-25,30.0,0.0,30.0
805321,Trevor Kuncl,Aguilas de Mexicali,True,1,2,5,1,2024-10-11,20.0,40.0,-20.0
805321,Trevor Kuncl,Aguilas de Mexicali,False,1,2,8,2,2024-10-13,12.5,25.0,-12.5
805321,Trevor Kuncl,Aguilas de Mexicali,True,2,2,11,3,2024-10-18,18.2,18.2,0.0
805321,Trevor Kuncl,Aguilas de Mexicali,True,3,2,14,4,2024-10-20,21.4,14.3,7.099999999999998
805321,Trevor Kuncl,Aguilas de Mexicali,False,4,2,18,5,2024-10-23,22.2,11.1,11.1
805321,Trevor Kuncl,Aguilas de Mexicali,True,5,4,24,6,2024-10-25,20.8,16.7,4.100000000000001
806317,Axel Sauceda,Tomateros de Culiacan,True,0,0,5,1,2024-10-25,0.0,0.0,0.0
806517,Saul Arias,Naranjeros de Hermosillo,False,0,0,4,1,2024-10-15,0.0,0.0,0.0
806517,Saul Arias,Naranjeros de Hermosillo,True,1,1,11,2,2024-10-24,9.1,9.1,0.0
806517,Saul Arias,Naranjeros de Hermosillo,False,1,2,14,3,2024-10-25,7.1,14.3,-7.200000000000001
807586,Omar Araujo,Caneros de los Mochis,True,4,2,20,1,2024-10-16,20.0,10.0,10.0
807586,Omar Araujo,Caneros de los Mochis,True,5,4,37,2,2024-10-23,13.5,10.8,2.6999999999999993
807848,Yuhi Sako,Yaquis de Obregon,False,0,0,9,1,2024-10-17,0.0,0.0,0.0
810862,Angel Lopez,Aguilas de Mexicali,True,1,0,1,1,2024-10-19,100.0,0.0,100.0
810862,Angel Lopez,Aguilas de Mexicali,True,3,0,5,2,2024-10-20,60.0,0.0,60.0
810862,Angel Lopez,Aguilas de Mexicali,False,5,0,11,3,2024-10-24,45.5,0.0,45.5
810862,Angel Lopez,Aguilas de Mexicali,True,6,1,16,4,2024-10-25,37.5,6.2,31.3
811370,Enrique Castillo,Naranjeros de Hermosillo,True,0,1,3,1,2024-10-23,0.0,33.3,-33.3
820829,Charlie Hasty,Mayos de Navojoa,False,0,1,7,1,2024-10-13,0.0,14.3,-14.3
820829,Charlie Hasty,Mayos de Navojoa,False,0,1,10,2,2024-10-15,0.0,10.0,-10.0
820829,Charlie Hasty,Mayos de Navojoa,False,0,1,13,3,2024-10-16,0.0,7.7,-7.7
820829,Charlie Hasty,Mayos de Navojoa,True,1,1,16,4,2024-10-20,6.2,6.2,0.0
820829,Charlie Hasty,Mayos de Navojoa,True,4,1,21,5,2024-10-20,19.0,4.8,14.2
820829,Charlie Hasty,Mayos de Navojoa,True,5,1,24,6,2024-10-25,20.8,4.2,16.6
826183,Ian Medina,Algodoneros de Guasave,False,0,0,1,1,2024-10-20,0.0,0.0,0.0
826183,Ian Medina,Algodoneros de Guasave,False,2,1,5,2,2024-10-24,40.0,20.0,20.0
827653,Luis Aguayo,Tomateros de Culiacan,False,1,0,4,1,2024-10-24,25.0,0.0,25.0
